Workbook
Name 版型定位: #REF!

Sheet 开发明细表
A1: 出稿设计师 | B1: 跟进设计师 | C1: 货期表识别 | D1: 款号 | E1: 图片 | F1: 季节代码 | G1: 性别代码 | H1: SKC | I1: 季节 | J1: 性别 | K1: 年龄层 | L1: 尺码段 | M1: 品类 | N1: 二级品类 | O1: 三级品类 | P1: 下装版型 | Q1: 唯品基础年龄层 | R1: 唯品三级类目 | S1: 唯品主款式 | T1: 唯品吊牌价上限 | U1: 调整吊牌价日期 | V1: 特殊面料 | W1: 红色/新年系列 | X1: 红色/新年系列-SKC | Y1: 商品层级 | Z1: 风格 | AA1: 产品系列 | AB1: 属性 | AC1: 绒种 | AD1: 天气 | AE1: 拍摄场景感 | AF1: 吊牌价折扣 | AG1: 吊牌价 | AH1: 商品定价 | AI1: 商品分码日期 | AJ1: 设计下单时间 | AK1: 首单实际下单数 | AL1: 链接完成时间 | AM1: 最早上新时间 | AN1: 天猫上新时间 | AO1: 唯品上新时间 | AP1: 天猫专卖店&淘宝店上新日期 | AQ1: 抖音及其他平台上新时间 | AR1: 商品要求货期 | AS1: 主推平台 | AT1: 视觉重要层级 | AU1: 生产重要等级 | AV1: 上新调整备注 | AW1: 参考链接1 | AX1: 参考链接2 | AY1: 详情页特别说明 | AZ1: 天猫发布链接备注 | BA1: 唯品发布链接备注 | BB1: 静物吊牌&洗水唛拍摄备注 | BC1: 是否需要拍创意图 | BD1: 搭配参考 | BE1: 强搭配 | BF1: 天猫第一张主图主色 | BG1: 细节主色 | BH1: 静物样衣颜色 | BI1: 静物样衣尺码 | BJ1: 模特主拍颜色 | BK1: 模特拍摄颜色 | BL1: 模拍尺码 | BM1: 模特 | BN1: 拍摄模特类型 | BO1: 实拍&视频主色备注 | BP1: 模特拍摄要求备注 | BQ1: 模特样衣备注 | BR1: 样衣调整 | BS1: 样衣调整时间 | BT1: 工厂交样衣（计划） | BU1: 工厂交样（实际） | BV1: 算法-是否准期 | BW1: 样衣生产周期 | BX1: 品牌处理天数 | BY1: 排样异常 | BZ1: 静物样衣需求时间 | CA1: 模特样衣需求时间 | CB1: 样衣情况 | CC1: 样衣异常登记 | CD1: 设计下单排期 | CE1: 计划交样/周 | CF1: 计划交样/月 | CG1: 商品开发信息备注 | CH1: 领型 | CI1: 袖型 | CJ1: 版型 | CK1: 衣长 | CL1: 元素 | CM1: 面料 | CN1: 风格 | CO1: 功能 | CP1: 运动 | CQ1: 穿搭 | CR1: 特色 | CS1: 模拍尺码 | CT1: 模特 | CU1: 模特拍摄要求备注 | CV1: 模特拍摄时间 | CW1: 模特拍摄时间（初定） | CX1: 功能面料拍摄需求&参考 | CY1: 风格 | CZ1: 产品系列 | DA1: 拍摄场景 | DB1: 主推平台 | DC1: 视觉重要层级 | DD1: 拍摄模特类型 | DE1: 样衣计划异常 | DF1: 修图排期异常排查 | DG1: AI排期异常排查 | DH1: 计划交样日期 | DI1: 实际交样日期 | DJ1: 最早上新时间 | DK1: 链接完成时间 | DL1: 文案策划计划日期 | DM1: 文案策划实际日期 | DN1: 文案组备注信息 | DO1: 主推平台 | DP1: 重点等级 | DQ1: 模特修图是否准期 | DR1: AI方案计划日期 | DS1: AI/实拍方案方案时间完成日期 | DT1: AI方案路径 | DU1: AI方案是否准期 | DV1: 延期或排期调整备注 | DW1: AI模特/实拍模特完成日期 | DX1: AI模特/实拍模特实际完成日期 | DY1: AI模特审核日期 | DZ1: AI模特备注 | EA1: AI/拍摄未完成颜色备注 | EB1: 模特原图路径 | EC1: 模特进度是否准期 | ED1: AI模特异常备注 | EE1: 调整信息备注 | EF1: 静物计划拍摄日期 | EG1: 静物实际拍摄日期 | EH1: 静物拍摄备注信息 | EI1: 静物延续拍摄原因 | EJ1: 差异天数 | EK1: 静物拍摄是否准期 | EL1: 静物修图计划日期 | EM1: 静物修图实际日期 | EN1: 修图负责人 | EO1: 静物修图是否准期 | EP1: 模特修图计划日期 | EQ1: 模特修图实际日期 | ER1: 修图负责人 | ES1: 模特修图张数 | ET1: 模特已修图路径 | EU1: 模特图效果备注 | EV1: 模特修图是否准期 | EW1: 主图视频计划日期 | EX1: 主图视频实际完成日期 | EY1: 46216 | EZ1: 差异天数 | FA1: 主图视频是否准期 | FB1: 页面排版计划日期 | FC1: 实际排版完成日期 | FD1: 排版负责人 | FE1: 排版是否准期 | FF1: 页面模特上传进度 | FG1: 页面视频上传进度 | FH1: 页面排版完成日期 | FI1: 上新日期 | FJ1: 是否已完成 | FK1: A类或纯棉报告计划完成日期 | FL1: A类或纯棉报告实际完成日期 | FM1: A类报告文件名称 | FN1: 纯棉报告文件名称 | FO1: 是否需要做A类报告 | FP1: 是否需要做纯棉报告 | FQ1: 报告是否准期
A2: 金佩 | B2: 张嫚 | C2: =IFERROR(VLOOKUP(D2,[1]货期表关联!A:A,1,0),"") -> JJG64886 | D2: JJG64886 | E2: =_xlfn.DISPIMG("ID_9E8B45BE9E824B3EB294784BEFDF8B33",1) -> =DISPIMG("ID_9E8B45BE9E824B3EB294784BEFDF8B33",1) | F2: =MID(D2,5,1) -> 4 | G2: =MID(D2,3,1) -> G | H2: 1 | I2: =IF(F2="1","春款",IF(F2="2","夏款",IF(F2="5","深秋",IF(F2="3","秋款",IF(F2="0","通季",IF(F2="4","冬款","")))))) -> 冬款 | J2: =IF(G2="G","女童",IF(G2="N","中性",IF(G2="B","男童"))) -> 女童 | K2: =VLOOKUP(L2,[1]辅助表!K:M,2,0) -> 大童 | L2: 120-160 | M2: =VLOOKUP(MID(D2,2,1),[1]辅助表!W:X,2,0) -> 13外套 | N2: 毛绒外套 | Q2: =VLOOKUP(L2,[1]辅助表!K:M,3,0) -> 儿童 | R2: =IFERROR(VLOOKUP(M2&Q2,[1]辅助表!R:S,2,0),"") -> 儿童外套/夹克/风衣 | S2: 羊羔绒外套 | V2: 10A抗菌+远红外 | Y2: 尝新款 | Z2: 元气萌趣 | AA2: 奶甜童话 | AF2: =IFERROR((AH2*0.9)/AG2,"") -> 0.2990461 | AG2: 629 | AH2: 209 | AI2: 46202 | AJ2: =IFERROR(VLOOKUP(D2,[1]设计下单!A:C,3,0),"") | AL2: =AM2-9 -> 46298 | AM2: =IF(AO2="",AN2,IF(AO2>AN2,AN2,IF(AO2<AN2,AO2,IF(AN2=AO2,AN2)))) -> 46307 | AN2: 46307 | AO2: 46307 | AQ2: =IF(AT2="S",AN2+7,AM2+4) -> 46311 | AR2: =AM2-8 -> 46299 | AU2: =IF(AS2=0," ","运营重点款") | AW2: https://detail.tmall.com/item.htm?id=981450860007&ns=1&abbucket=12&xxc=taobaoSearch&mi_id=0000Dt1OfwZzOGGb7lNzqWIezvSw4SNlNfazHiLesP9xGRo&skuId=6103474694231&priceTId=214784aa17826199127448264e1922&utparam=%7B%22aplus_abtest%22%3A%22797d06b459ca089f404e56eb6519e986%22%7D&spm=a21n57.imgsearch.item.1 | AX2: https://detail.tmall.com/item.htm?id=981450860007&ns=1&abbucket=12&xxc=taobaoSearch&mi_id=0000Dt1OfwZzOGGb7lNzqWIezvSw4SNlNfazHiLesP9xGRo&skuId=6103474694231&priceTId=214784aa17826199127448264e1922&utparam=%7B%22aplus_abtest%22%3A%22797d06b459ca089f404e56eb6519e986%22%7D&spm=a21n57.imgsearch.item.1 | BF2: 杏底花 | BG2: 杏底花 | BH2: 齐色 | BI2: 最小码 | BJ2: 杏底花 | BK2: 齐色 | BL2: / | BM2: AI-120女童 | BN2: AI | BT2: =IF(CA2="",BZ2,IF(CA2>BZ2,BZ2,IF(CA2<BZ2,CA2,IF(BZ2=CA2,BZ2)))) -> 46262 | BU2: =IFERROR(VLOOKUP(D2,[1]辅助表!A:D,2,0),"") | BV2: =IFERROR(IF(AND(BU2-BT2<2,BU2>0),"是","否"),"") | BW2: =IFERROR(BT2-AJ2,"") | BX2: =AM2-BT2 -> 45 | BZ2: 46262 | CA2: 46262 | CB2: =IFERROR(VLOOKUP(D2,[1]辅助表!A:D,3,0),"") | CC2: =IFERROR(VLOOKUP(D2,[1]辅助表!A:D,4,0),"") | CD2: =IFERROR(VLOOKUP(D2,[1]辅助表!G:H,2,0),"") -> 46234 | CE2: =WEEKNUM(BT2,2) -> 35 | CF2: =MONTH(BT2)&"月" -> 8月 | CY2: =Z2 -> 元气萌趣 | CZ2: =AA2 -> 奶甜童话 | DA2: =AE2 -> 0 | DB2: =AS2 -> 0 | DC2: =AT2 -> 0 | DD2: =BN2 -> AI | DE2: =IF(DW2-5>DH2,"","是") | DF2: =IF(EP2>EL2,"","是") | DG2: =IF(EF2<DW2+3,"","是") | DH2: =BT2 -> 46262 | DI2: =IF(BU2>0,BU2,"") | DJ2: =IF(AM2>0,AM2,"") -> 46307 | DK2: =IF(AL2>0,AL2,"") -> 46298 | DL2: =IF(开发明细表!DC2>0,开发明细表!DR2-3,开发明细表!DJ2-25) -> 46282 | DO2: =AS2 -> 0 | DP2: =AT2 -> 0 | DQ2: =IF(AND(DM2<=DL2,DM2>0),"准期",IF(DM2>DL2,"延期",IF(DL2>TODAY(),"未到考核期",IF(DL2<TODAY(),"延期",IF(DM2=0,"最后一天"))))) -> 延期 | DR2: =DW2-7 -> 46277 | DU2: =IF(AND(DS2<=DR2,DS2>0),"准期",IF(DS2>DR2,"延期",IF(DR2>TODAY(),"未到考核期",IF(DR2<TODAY(),"延期",IF(DS2=0,"最后一天"))))) -> 延期 | DW2: =EP2-7 -> 46284 | EC2: =IF(AND(DX2<=DW2,DX2>0),"准期",IF(DX2>DW2,"延期",IF(DW2>TODAY(),"未到考核期",IF(DW2<TODAY(),"延期",IF(DX2=0,"最后一天"))))) -> 延期 | EF2: =DH2+6 -> 46268 | EJ2: =DW2-EF2 -> 16 | EK2: =IF(AND(EG2<=EF2,EG2>0),"准期",IF(EG2>EF2,"延期",IF(EF2>TODAY(),"未到考核期",IF(EF2<TODAY(),"延期",IF(EG2=0,"最后一天"))))) -> 延期 | EL2: =EF2+6 -> 46274 | EO2: =IF(AND(EM2<=EL2,EM2>0),"准期",IF(EM2>EL2,"延期",IF(EL2>TODAY(),"未到考核期",IF(EL2<TODAY(),"延期",IF(EM2=0,"最后一天"))))) -> 延期 | EP2: =FB2-6 -> 46291 | EV2: =IF(AND(EQ2<=EP2,EQ2>0),"准期",IF(EQ2>EP2,"延期",IF(EP2>TODAY(),"未到考核期",IF(EP2<TODAY(),"延期",IF(EQ2=0,"最后一天"))))) -> 延期 | EW2: =AM2-12 -> 46295 | EZ2: =EW2-EP2 -> 4 | FA2: =IF(AND(EX2<=EW2,EX2>0),"准期",IF(EX2>EW2,"延期",IF(EW2>TODAY(),"未到考核期",IF(EW2<TODAY(),"延期",IF(EX2=0,"最后一天"))))) -> 延期 | FB2: =DK2-1 -> 46297 | FE2: =IF(AND(FC2<=FB2,FC2>0),"准期",IF(FC2>FB2,"延期",IF(FB2>TODAY(),"未到考核期",IF(FB2<TODAY(),"延期",IF(FC2=0,"最后一天"))))) -> 延期 | FK2: =AM2-20 -> 46287 | FM2: =IFERROR(VLOOKUP(D2,[1]报告专用表!H:J,3,0),"") | FN2: =IFERROR(VLOOKUP(D2,[1]报告专用表!A:D,4,0),"") | FO2: =IFERROR(VLOOKUP(L2,[1]辅助表!K:N,4,0),"") -> 否 | FP2: =IFERROR(VLOOKUP(D2,[1]报告专用表!A:C,3,0),"否") -> 否 | FQ2: =IF(AND(FO2="否",FP2="否"),"不考核",IF(AND(FL2<=FK2,FL2>0),"准期",IF(FL2>FK2,"延期",IF(FK2>TODAY(),"未到考核期",IF(FK2<TODAY(),"延期",IF(FL2=0,"最后一天")))))) -> 不考核
A3: 金佩 | B3: 张嫚 | C3: =IFERROR(VLOOKUP(D3,[1]货期表关联!A:A,1,0),"") -> JJG64887 | D3: JJG64887 | E3: =_xlfn.DISPIMG("ID_F3A2018B665E47BC84B9B3AE494F1243",1) -> =DISPIMG("ID_F3A2018B665E47BC84B9B3AE494F1243",1) | F3: =MID(D3,5,1) -> 4 | G3: =MID(D3,3,1) -> G | H3: 1 | I3: =IF(F3="1","春款",IF(F3="2","夏款",IF(F3="5","深秋",IF(F3="3","秋款",IF(F3="0","通季",IF(F3="4","冬款","")))))) -> 冬款 | J3: =IF(G3="G","女童",IF(G3="N","中性",IF(G3="B","男童"))) -> 女童 | K3: =VLOOKUP(L3,[1]辅助表!K:M,2,0) -> 大童 | L3: 120-160 | M3: =VLOOKUP(MID(D3,2,1),[1]辅助表!W:X,2,0) -> 13外套 | N3: 毛绒外套 | Q3: =VLOOKUP(L3,[1]辅助表!K:M,3,0) -> 儿童 | R3: =IFERROR(VLOOKUP(M3&Q3,[1]辅助表!R:S,2,0),"") -> 儿童外套/夹克/风衣 | S3: 羊羔绒外套 | V3: 10A抗菌+远红外 | Y3: 利润款 | Z3: 元气萌趣 | AA3: 奶甜童话 | AF3: =IFERROR((AH3*0.9)/AG3,"") -> 0.29894552 | AG3: 569 | AH3: 189 | AI3: 46202 | AJ3: =IFERROR(VLOOKUP(D3,[1]设计下单!A:C,3,0),"") -> 46228 | AL3: =AM3-9 -> 46291 | AM3: =IF(AO3="",AN3,IF(AO3>AN3,AN3,IF(AO3<AN3,AO3,IF(AN3=AO3,AN3)))) -> 46300 | AN3: 46300 | AO3: 46300 | AQ3: =IF(AT3="S",AN3+7,AM3+4) -> 46304 | AR3: =AM3-8 -> 46292 | AU3: =IF(AS3=0," ","运营重点款") | AW3: https://item.taobao.com/item.htm?id=861795403455&sku_properties=20509%3A4024027 | AX3: https://item.taobao.com/item.htm?id=861795403455&sku_properties=20509%3A4024027 | BF3: 粉色 | BG3: 粉色 | BH3: 齐色 | BI3: 最小码 | BJ3: 粉色 | BK3: 齐色 | BL3: / | BM3: AI-120女童 | BN3: AI | BT3: =IF(CA3="",BZ3,IF(CA3>BZ3,BZ3,IF(CA3<BZ3,CA3,IF(BZ3=CA3,BZ3)))) -> 46260 | BU3: =IFERROR(VLOOKUP(D3,[1]辅助表!A:D,2,0),"") | BV3: =IFERROR(IF(AND(BU3-BT3<2,BU3>0),"是","否"),"") | BW3: =IFERROR(BT3-AJ3,"") -> 32 | BX3: =AM3-BT3 -> 40 | BZ3: 46260 | CA3: 46260 | CB3: =IFERROR(VLOOKUP(D3,[1]辅助表!A:D,3,0),"") | CC3: =IFERROR(VLOOKUP(D3,[1]辅助表!A:D,4,0),"") | CD3: =IFERROR(VLOOKUP(D3,[1]辅助表!G:H,2,0),"") -> 46228 | CE3: =WEEKNUM(BT3,2) -> 35 | CF3: =MONTH(BT3)&"月" -> 8月 | CY3: =Z3 -> 元气萌趣 | CZ3: =AA3 -> 奶甜童话 | DA3: =AE3 -> 0 | DB3: =AS3 -> 0 | DC3: =AT3 -> 0 | DD3: =BN3 -> AI | DE3: =IF(DW3-5>DH3,"","是") | DF3: =IF(EP3>EL3,"","是") | DG3: =IF(EF3<DW3+3,"","是") | DH3: =BT3 -> 46260 | DI3: =IF(BU3>0,BU3,"") | DJ3: =IF(AM3>0,AM3,"") -> 46300 | DK3: =IF(AL3>0,AL3,"") -> 46291 | DL3: =IF(开发明细表!DC3>0,开发明细表!DR3-3,开发明细表!DJ3-25) -> 46275 | DO3: =AS3 -> 0 | DP3: =AT3 -> 0 | DQ3: =IF(AND(DM3<=DL3,DM3>0),"准期",IF(DM3>DL3,"延期",IF(DL3>TODAY(),"未到考核期",IF(DL3<TODAY(),"延期",IF(DM3=0,"最后一天"))))) -> 延期 | DR3: =DW3-7 -> 46270 | DU3: =IF(AND(DS3<=DR3,DS3>0),"准期",IF(DS3>DR3,"延期",IF(DR3>TODAY(),"未到考核期",IF(DR3<TODAY(),"延期",IF(DS3=0,"最后一天"))))) -> 延期 | DW3: =EP3-7 -> 46277 | EC3: =IF(AND(DX3<=DW3,DX3>0),"准期",IF(DX3>DW3,"延期",IF(DW3>TODAY(),"未到考核期",IF(DW3<TODAY(),"延期",IF(DX3=0,"最后一天"))))) -> 延期 | EF3: =DH3+6 -> 46266 | EJ3: =DW3-EF3 -> 11 | EK3: =IF(AND(EG3<=EF3,EG3>0),"准期",IF(EG3>EF3,"延期",IF(EF3>TODAY(),"未到考核期",IF(EF3<TODAY(),"延期",IF(EG3=0,"最后一天"))))) -> 延期 | EL3: =EF3+6 -> 46272 | EO3: =IF(AND(EM3<=EL3,EM3>0),"准期",IF(EM3>EL3,"延期",IF(EL3>TODAY(),"未到考核期",IF(EL3<TODAY(),"延期",IF(EM3=0,"最后一天"))))) -> 延期 | EP3: =FB3-6 -> 46284 | EV3: =IF(AND(EQ3<=EP3,EQ3>0),"准期",IF(EQ3>EP3,"延期",IF(EP3>TODAY(),"未到考核期",IF(EP3<TODAY(),"延期",IF(EQ3=0,"最后一天"))))) -> 延期 | EW3: =AM3-12 -> 46288 | EZ3: =EW3-EP3 -> 4 | FA3: =IF(AND(EX3<=EW3,EX3>0),"准期",IF(EX3>EW3,"延期",IF(EW3>TODAY(),"未到考核期",IF(EW3<TODAY(),"延期",IF(EX3=0,"最后一天"))))) -> 延期 | FB3: =DK3-1 -> 46290 | FE3: =IF(AND(FC3<=FB3,FC3>0),"准期",IF(FC3>FB3,"延期",IF(FB3>TODAY(),"未到考核期",IF(FB3<TODAY(),"延期",IF(FC3=0,"最后一天"))))) -> 延期 | FK3: =AM3-20 -> 46280 | FM3: =IFERROR(VLOOKUP(D3,[1]报告专用表!H:J,3,0),"") | FN3: =IFERROR(VLOOKUP(D3,[1]报告专用表!A:D,4,0),"") | FO3: =IFERROR(VLOOKUP(L3,[1]辅助表!K:N,4,0),"") -> 否 | FP3: =IFERROR(VLOOKUP(D3,[1]报告专用表!A:C,3,0),"否") -> 否 | FQ3: =IF(AND(FO3="否",FP3="否"),"不考核",IF(AND(FL3<=FK3,FL3>0),"准期",IF(FL3>FK3,"延期",IF(FK3>TODAY(),"未到考核期",IF(FK3<TODAY(),"延期",IF(FL3=0,"最后一天")))))) -> 不考核
